IdRegion;Region_Name;Subregion
0;Washington (DC);Pacific
1;Alaska;Pacific
2;Texas;West South Central
3;California;Pacific
4;Montana;Mountain
5;New Mexico;Mountain
6;Arizona;Mountain
7;Nevada;Mountain
8;Colorado;Mountain
9;Oregon;Pacific
10;Wyoming;Mountain
11;Michigan;East North Central
12;Minnesota;West North Central
13;Utah;Mountain
14;Idaho;Mountain
15;Kansas;West North Central
16;Nebraska;West North Central
17;South Dakota;West North Central
18;Washington;Pacific
19;North Dakota;West North Central
20;Oklahoma;West South Central
21;Missouri;West North Central
22;Florida;South Atlantic
23;Wisconsin;East North Central
24;Georgia;South Atlantic
25;Illinois;East North Central
26;Iowa;West North Central
27;New York;Middle Atlantic
28;North Carolina;South Atlantic
29;Arkansas;West South Central
30;Alabama;East South Central
31;Louisiana;West South Central
32;Mississippi;East South Central
33;Pennsylvania;Middle Atlantic
34;Ohio;East North Central
35;Virginia;South Atlantic
36;Tennessee;East South Central
37;Kentucky;East South Central
38;Indiana;East North Central
39;Maine;New England
40;South Carolina;South Atlantic
41;West Virginia;South Atlantic
42;Maryland;South Atlantic
43;Hawai'i;Pacific
44;Massachusetts;New England
45;Vermont;New England
46;New Hampshire;New England
47;New Jersey;Middle Atlantic
48;Connecticut;New England
49;Delaware;South Atlantic
50;Rhode Island;New England
51;Puerto Rico;South Atlantic
52;U.S. Virgin Islands;South Atlantic
